scenario,broker,binary,bytes_per_file,files,chunk_bytes,trials,median_seconds,min_seconds,max_seconds,p95_seconds,median_mib_per_second,publish_p50_ms,publish_p95_ms
chunk-sweep,lavinmq-cloud,transfer-current,16777216,1,16384,3,2.4250150609996126,1.9952692469996691,4.59886896900025,4.59886896900025,6.597897166628177,2423.472434,4564.557581
chunk-sweep,lavinmq-cloud,transfer-current,16777216,1,524288,3,1.9338363969991406,1.4781314570000177,2.1605710539997744,2.1605710539997744,8.273709205612345,1897.149922,2125.141205
chunk-sweep,lavinmq-cloud,transfer-current,16777216,1,1048576,3,1.7383679999993547,1.0221586830002707,3.5756434089998947,3.5756434089998947,9.204035048968883,1139.92904,3521.998448
chunk-sweep,lavinmq-local,transfer-current,16777216,1,16384,3,0.20457053700010874,0.18219500099985453,0.2145866360006039,0.2145866360006039,78.21263137218774,195.040646,214.127094
chunk-sweep,lavinmq-local,transfer-current,16777216,1,524288,3,0.08635842999956367,0.0702626539996345,0.09009635300026275,0.09009635300026275,185.27432701220764,84.656386,89.58531
chunk-sweep,lavinmq-local,transfer-current,16777216,1,1048576,3,0.08060221300002013,0.06450022799981525,0.08890505999988818,0.08890505999988818,198.50571596583836,80.211629,88.552892
chunk-sweep,rabbitmq-cloud,transfer-current,16777216,1,16384,3,29.420461960000466,29.22655437100002,29.48224418299924,29.48224418299924,0.543839183142444,29382.284941,29436.51336
chunk-sweep,rabbitmq-cloud,transfer-current,16777216,1,524288,3,29.131951417999517,28.685776332000387,29.175775539000824,29.175775539000824,0.5492251367038259,28906.080976999998,29026.278252
chunk-sweep,rabbitmq-cloud,transfer-current,16777216,1,1048576,3,29.240807164000216,29.234018694000042,29.295369127999948,29.295369127999948,0.5471805176328505,28937.167038,28991.666836
chunk-sweep,rabbitmq-local,transfer-current,16777216,1,16384,3,0.0599432210001396,0.05375871100022778,0.07658358199932991,0.07658358199932991,266.9192568074168,51.470957999999996,66.837649
chunk-sweep,rabbitmq-local,transfer-current,16777216,1,524288,3,0.03335359599986987,0.025037248999979056,0.054308420999404916,0.054308420999404916,479.7083948628036,17.82282,44.014694999999996
chunk-sweep,rabbitmq-local,transfer-current,16777216,1,1048576,3,0.02570329100035451,0.02293861999987712,0.030009756999788806,0.030009756999788806,622.4883809539923,12.42702,13.012355
cli,lavinmq-cloud,mqhole-cli,1024,1,0,3,0.6398357769994618,0.6355015620001723,0.6406440280006791,0.6406440280006791,0.0015262705448883041,,
cli,lavinmq-cloud,mqhole-cli,1048576,1,0,3,0.8413553529999263,0.8398765170004481,0.8563705399992614,0.8563705399992614,1.1885584330502117,,
cli,lavinmq-cloud,mqhole-cli,16777216,1,0,3,2.3491147690001526,1.9549541299993507,3.083155846000409,3.083155846000409,6.811076330174382,,
cli,lavinmq-cloud,mqhole-tar-cli,1024,1000,0,3,1.0315289540003505,1.0136632620005912,1.1048108489994775,1.1048108489994775,0.9467136101345617,,
cli,lavinmq-local,mqhole-cli,1024,1,0,3,0.12760563800020464,0.12687488699975802,0.12997805800023343,0.12997805800023343,0.007652972982263009,,
cli,lavinmq-local,mqhole-cli,1048576,1,0,3,0.12973947400041652,0.12430780000067898,0.22951140700024553,0.22951140700024553,7.707754387818696,,
cli,lavinmq-local,mqhole-cli,16777216,1,0,3,0.22634556899993186,0.13249906200053374,0.22974540700033685,0.22974540700033685,70.6883729630458,,
cli,lavinmq-local,mqhole-cli,268435456,1,0,3,0.8323001660000955,0.8310305389995847,1.43406553099976,1.43406553099976,307.58133959085455,,
cli,lavinmq-local,mqhole-encrypted-cli,1024,1,0,3,0.12483060600061435,0.12332414499996958,0.13304462199994305,0.13304462199994305,0.007823101491594087,,
cli,lavinmq-local,mqhole-encrypted-cli,16777216,1,0,3,0.22929725800076994,0.2271383790002801,0.2303398849999212,0.2303398849999212,69.77841837056017,,
cli,lavinmq-local,mqhole-encrypted-cli,268435456,1,0,3,0.7306451030008247,0.729924143000062,0.8249323610007195,0.8249323610007195,350.3753038904731,,
cli,lavinmq-local,mqhole-tar-cli,1024,1000,0,3,0.19914140499986388,0.1966464030001589,0.24990972700015845,0.24990972700015845,4.903864668428284,,
cli,local-direct,tailcat-tar-cp,1024,1000,0,3,0.15903580200028955,0.15385062900168123,0.2031302510004025,0.2031302510004025,6.140519856014698,,
cli,private-relay,tailcat-tar-cp,1024,1000,0,3,0.16664164499889011,0.1500096180006949,0.17158336199827318,0.17158336199827318,5.8602548000921635,,
cli,rabbitmq-cloud,mqhole-cli,1024,1,0,3,0.5350990590004585,0.5325783050002428,0.6416689380002936,0.6416689380002936,0.0018250125534217455,,
cli,rabbitmq-cloud,mqhole-cli,1048576,1,0,3,2.4455209590005325,2.357010339000226,2.4758108890000585,2.4758108890000585,0.40891082790339,,
cli,rabbitmq-cloud,mqhole-cli,16777216,1,0,3,28.098393192999538,26.17376539199995,29.608662675000232,29.608662675000232,0.5694275786555032,,
cli,rabbitmq-cloud,mqhole-tar-cli,1024,1000,0,3,3.3435742909996407,3.1444367120002426,3.4058024900004966,3.4058024900004966,0.2920714226774466,,
cli,rabbitmq-local,mqhole-cli,1024,1,0,3,0.12510421800016047,0.1229930069994225,0.12515284300025087,0.12515284300025087,0.007805991801161711,,
cli,rabbitmq-local,mqhole-cli,1048576,1,0,3,0.1268267619998369,0.12451075900025899,0.1338070220008376,0.1338070220008376,7.884771196802187,,
cli,rabbitmq-local,mqhole-cli,16777216,1,0,3,0.1263090109996483,0.1255196350002734,0.1272090960001151,0.1272090960001151,126.67346433457982,,
cli,rabbitmq-local,mqhole-cli,268435456,1,0,3,0.6348085919998994,0.4242821610005194,1.0394095500005278,1.0394095500005278,403.2711642945762,,
cli,rabbitmq-local,mqhole-encrypted-cli,1024,1,0,3,0.2267142109994893,0.12265455999931874,0.2296288409997942,0.2296288409997942,0.004307460461762584,,
cli,rabbitmq-local,mqhole-encrypted-cli,16777216,1,0,3,0.2265634619998309,0.22651433600003656,0.2299355920004018,0.2299355920004018,70.62038979617968,,
cli,rabbitmq-local,mqhole-encrypted-cli,268435456,1,0,3,0.7283670990000246,0.5275888940004734,0.7342999010006679,0.7342999010006679,351.471119922169,,
cli,rabbitmq-local,mqhole-tar-cli,1024,1000,0,3,0.2038730790000045,0.20099953299995832,0.21160496500033332,0.21160496500033332,4.790051265179442,,
cloud,lavinmq-cloud,transfer-baseline-final,1024,1,131072,3,0.09668825000017023,0.09183073500025785,0.2270613499999854,0.2270613499999854,0.010100115577624797,95.66933,105.922235
cloud,lavinmq-cloud,transfer-baseline-final,1024,100,131072,3,14.39390135299982,14.343012908000219,14.4825495770001,14.4825495770001,0.006784557404212552,96.06591399999999,111.362877
cloud,lavinmq-cloud,transfer-baseline-final,1048576,1,131072,3,0.7851431130002311,0.6783915829996658,0.9217764820000411,0.9217764820000411,1.2736531511799756,663.854622,865.103895
cloud,lavinmq-cloud,transfer-baseline-final,16777216,1,131072,3,7.909963592000167,7.895006379999813,8.079903769999873,8.079903769999873,2.022765315403194,7880.395253,7934.878000999999
cloud,lavinmq-cloud,transfer-current,1024,1,131072,3,0.1001734269998451,0.09728783499986093,0.1009438869996302,0.1009438869996302,0.009748718090691956,99.276549,100.11976
cloud,lavinmq-cloud,transfer-current,1024,100,131072,3,10.25070292700002,10.237526243000048,10.261332102999859,10.261332102999859,0.009526785694157285,101.8342375,109.895997
cloud,lavinmq-cloud,transfer-current,1048576,1,131072,3,0.3618945060002261,0.3027362020002329,0.3896252139998069,0.3896252139998069,2.763236201213221,311.909272,360.90250299999997
cloud,lavinmq-cloud,transfer-current,16777216,1,131072,3,1.2172752459996445,1.036243992999971,1.3707357909997882,1.3707357909997882,13.144110218770251,978.462611,1027.362216
cloud,lavinmq-cloud,transfer-current,67108864,1,131072,3,4.1743218480000905,3.560720857999968,4.855286540000179,4.855286540000179,15.33183169157459,2299.528025,3143.1833340000003
cloud,rabbitmq-cloud,transfer-baseline-final,1024,1,131072,3,0.10995940100019652,0.10307304700017994,0.11333182700036559,0.11333182700036559,0.008881118768537623,83.33799,85.617039
cloud,rabbitmq-cloud,transfer-baseline-final,1024,100,131072,3,14.397375618999831,14.3926159800003,14.413035121999656,14.413035121999656,0.006782920206035721,83.73799199999999,91.069513
cloud,rabbitmq-cloud,transfer-baseline-final,1048576,1,131072,3,2.0010076059998028,1.9693810980002127,2.1189826129998437,2.1189826129998437,0.49974822534487584,1944.6065259999998,1983.3118889999998
cloud,rabbitmq-cloud,transfer-baseline-final,16777216,1,131072,3,30.03968032900002,29.809469289999925,30.156866876000095,30.156866876000095,0.532628837083654,29965.940699000002,29999.519671000002
cloud,rabbitmq-cloud,transfer-current,1024,1,131072,3,0.053990864000297734,0.052583359999971435,0.056810871999914525,0.056810871999914525,0.018087550886287256,53.314361999999996,56.069578
cloud,rabbitmq-cloud,transfer-current,1024,100,131072,3,5.334984503999749,5.305215285000031,5.366138434000277,5.366138434000277,0.018304879784896297,52.633655,58.01597700000001
cloud,rabbitmq-cloud,transfer-current,1048576,1,131072,3,1.9433989399999518,1.901533026999914,1.9641168329999346,1.9641168329999346,0.5145623883071712,1915.57061,1930.4369860000002
cloud,rabbitmq-cloud,transfer-current,16777216,1,131072,3,28.94900184900007,28.680551366000145,28.963430815000265,28.963430815000265,0.5526960854628795,28907.295896,28922.225784
cloud,rabbitmq-cloud,transfer-current,67108864,1,131072,3,109.09466048700006,108.02801558300007,112.80427485599967,112.80427485599967,0.5866464931858546,109006.145488,112690.531353
delay-10ms,lavinmq-local,mqhole-tar-cli,1024,1000,0,3,0.7991912969991972,0.700452969998878,0.8162302820001059,0.8162302820001059,1.2219383565196418,,
delay-10ms,lavinmq-local,mqtt-qos1,1024,1,131072,3,0.08896154000012757,0.08616007699947659,0.08908491599959234,0.08908491599959234,0.010977356057444595,88.52983100041456,88.68349800013675
delay-10ms,lavinmq-local,mqtt-qos1,1024,100,131072,3,8.661992456999542,8.625395763000597,8.732021169999825,8.732021169999825,0.011274109332788254,86.4539520002836,91.55300300062663
delay-10ms,lavinmq-local,mqtt-qos1,16777216,1,131072,3,0.9755381859995396,0.5971277340004235,1.0073424540005362,1.0073424540005362,16.401203181612363,595.2120209994973,974.028933000227
delay-10ms,lavinmq-local,transfer-baseline-final,1024,1,131072,3,0.11627925700031483,0.10744649099979142,0.1804672100006428,0.1804672100006428,0.008398423976834974,73.611887,73.994971
delay-10ms,lavinmq-local,transfer-baseline-final,1024,100,131072,3,13.081260702999316,12.99389866600086,13.125439701999312,13.125439701999312,0.0074653546181224755,70.58736,77.219185
delay-10ms,lavinmq-local,transfer-baseline-final,16777216,1,131072,3,6.269391556000301,6.174752380999962,6.432253857999967,6.432253857999967,2.552081786100398,6194.019583,6306.625709000001
delay-10ms,lavinmq-local,transfer-current,1024,1,131072,3,0.05160751299990807,0.0487700900002892,0.05341943299936247,0.05341943299936247,0.018922874659775595,50.910345,51.151928999999996
delay-10ms,lavinmq-local,transfer-current,1024,100,131072,3,4.771288192000611,4.706882987999961,4.861322317000486,4.861322317000486,0.020467480912959173,46.7012945,52.079097
delay-10ms,lavinmq-local,transfer-current,16777216,1,131072,3,0.8518602490003104,0.5024180580003303,0.8671604849996584,0.8671604849996584,18.782423547496897,851.4356640000001,866.6228590000001
delay-10ms,lavinmq-local,transfer-stream,1024,1,131072,3,0.04817550600000686,0.047635464000450156,0.05416393399991648,0.05416393399991648,0.020270933947219173,47.233379,53.439099
delay-10ms,lavinmq-local,transfer-stream,1024,100,131072,3,4.836279604000083,4.760480839000593,4.8482276679997085,4.8482276679997085,0.020192432612710934,46.431753,56.810231
delay-10ms,lavinmq-local,transfer-stream,16777216,1,131072,3,0.7883798800003206,0.7607402459998411,0.9716987210003936,0.9716987210003936,20.294784793332745,471.924626,760.3936620000001
delay-10ms,local-direct,tailcat-cp,1024,1,0,3,0.4642074940002203,0.45695277199956763,0.4662372469992988,0.4662372469992988,0.0021037198076762124,,
delay-10ms,local-direct,tailcat-cp,1024,100,0,3,11.597545499000262,11.483062075999442,11.682962367000073,11.682962367000073,0.008420423960261093,,
delay-10ms,local-direct,tailcat-cp,1024,1000,0,3,112.98042892099966,112.89512671899956,113.90047172600043,113.90047172600043,0.008643643056824035,,
delay-10ms,local-direct,tailcat-cp,16777216,1,0,3,0.7856427619999522,0.7653126400000474,0.7899241040004199,0.7899241040004199,20.365490237916777,,
delay-10ms,local-direct,tailcat-stream,1024,1,0,3,0.3412695960014389,0.336438170999827,0.34690731299997424,0.34690731299997424,0.002861557289140643,,
delay-10ms,local-direct,tailcat-stream,16777216,1,0,3,0.6410082900001726,0.6365356990008877,0.6510333480000554,0.6510333480000554,24.960675625576844,,
delay-10ms,local-direct,tailcat-tar-cp,1024,1000,0,3,0.7214747950001765,0.6928817899988644,0.7602200250003079,0.7602200250003079,1.3535642641539003,,
delay-10ms,private-relay,tailcat-cp,1024,1,0,3,0.7409207210002933,0.716870715999903,0.7743944490002832,0.7743944490002832,0.0013180391266174529,,
delay-10ms,private-relay,tailcat-cp,1024,100,0,3,23.042528043999482,23.02004912800021,23.289540090000628,23.289540090000628,0.004238087496889506,,
delay-10ms,private-relay,tailcat-cp,1024,1000,0,3,228.79988547799985,225.6291815960003,230.5519897660006,230.5519897660006,0.004268194881128561,,
delay-10ms,private-relay,tailcat-cp,16777216,1,0,3,24.14410106499963,15.939529624999523,26.384178173999317,26.384178173999317,0.66268774956357,,
delay-10ms,private-relay,tailcat-stream,1024,1,0,3,0.3389900080001098,0.3370693390006636,0.34211318099914934,0.34211318099914934,0.0028808002506070436,,
delay-10ms,private-relay,tailcat-stream,16777216,1,0,3,24.732541629999105,18.154515872998672,26.248966631999792,26.248966631999792,0.6469209772032871,,
delay-10ms,private-relay,tailcat-tar-cp,1024,1000,0,3,2.472130385998753,1.8706392849999247,2.9726571570008673,2.9726571570008673,0.3950287191690595,,
delay-10ms,rabbitmq-local,mqhole-tar-cli,1024,1000,0,3,0.7991357129994867,0.7018093470014719,0.8071769769994717,0.8071769769994717,1.222023348618168,,
delay-10ms,rabbitmq-local,mqtt-qos1,1024,1,131072,3,0.023533294000117166,0.02262895900003059,0.026296340999579115,0.026296340999579115,0.04149705944247065,22.96170899990102,23.545502000160923
delay-10ms,rabbitmq-local,mqtt-qos1,1024,100,131072,3,2.335664913999608,2.3187288809995152,2.3510269010002958,2.3510269010002958,0.04181089907831548,22.926209500383266,25.814339999669755
delay-10ms,rabbitmq-local,mqtt-qos1,16777216,1,131072,3,0.6414621590001843,0.5953556559998106,0.731731494000087,0.731731494000087,24.943014604226097,428.0081760007306,513.0369600001359
delay-10ms,rabbitmq-local,native-stream-window,16777216,1,131072,3,0.6391708219998691,0.47198713300076633,0.7449022279997735,0.7449022279997735,25.032431783945352,429.0448860001561,466.84799900049256
delay-10ms,rabbitmq-local,transfer-baseline-final,1024,1,131072,3,0.11212433300079283,0.10296410800037847,0.12933307299954322,0.12933307299954322,0.008709639325061535,68.537794,68.618919
delay-10ms,rabbitmq-local,transfer-baseline-final,1024,100,131072,3,13.130135442999745,13.12527157599925,13.130432001999907,13.130432001999907,0.007437566080254325,68.0640845,74.543638
delay-10ms,rabbitmq-local,transfer-baseline-final,16777216,1,131072,3,6.073008358999687,6.034660620000068,6.119176194000829,6.119176194000829,2.634608591685758,5951.790967,6002.806894
delay-10ms,rabbitmq-local,transfer-current,1024,1,131072,3,0.048985424999955285,0.047236755000085395,0.05129555399980745,0.05129555399980745,0.019935776815264775,44.825209,46.26950299999999
delay-10ms,rabbitmq-local,transfer-current,1024,100,131072,3,4.534798571000465,4.525271802999669,4.5569045709999045,4.5569045709999045,0.021534859480749798,44.7575215,50.191553
delay-10ms,rabbitmq-local,transfer-current,16777216,1,131072,3,0.8965409279999221,0.5987581619992852,1.1987423269993087,1.1987423269993087,17.846368749382282,584.367094,882.611527
delay-10ms,rabbitmq-local,transfer-stream,1024,1,131072,3,0.05001975999948627,0.04934067599970149,0.05009259300004487,0.05009259300004487,0.019523534299445457,48.04209,48.145341
delay-10ms,rabbitmq-local,transfer-stream,1024,100,131072,3,4.599950526000612,4.582408825999664,4.649256618999971,4.649256618999971,0.021229847896843883,45.590064999999996,50.78447
delay-10ms,rabbitmq-local,transfer-stream,16777216,1,131072,3,1.0037387950005723,0.5341187499998341,1.3694495630006713,1.3694495630006713,15.940402104305312,520.571349,989.312685
delay-10ms-latency,local-direct,tailcat-cp,1024,1,0,30,0.45567351950057855,0.43747119399995427,0.4716782579998835,0.46408411799984606,0.0021431188300569223,,
delay-10ms-latency,private-relay,tailcat-cp,1024,1,0,30,0.7704839845000606,0.7382882990004873,0.8153502760005722,0.8072256780005773,0.0012674663194117608,,
encrypted,lavinmq-local,transfer-encrypted,1024,1,131072,3,0.0788301020002109,0.04493512399949395,0.10992311800055177,0.10992311800055177,0.01238819277434637,78.170518,109.352991
encrypted,lavinmq-local,transfer-encrypted,1024,100,131072,1,2.65406186600012,2.65406186600012,2.65406186600012,2.65406186600012,0.03679501644291949,22.1685315,63.90884
encrypted,lavinmq-local,transfer-encrypted,16777216,1,131072,3,0.15487063499949727,0.14857254900016414,0.2520173339999019,0.2520173339999019,103.31203200691944,154.174759,250.739041
encrypted,lavinmq-local,transfer-encrypted,268435456,1,131072,3,0.717137386000104,0.7113768360004542,1.7843737229995895,1.7843737229995895,356.9748349446153,645.0793249999999,1686.8202939999999
encrypted,rabbitmq-local,transfer-encrypted,1024,1,131072,3,0.042281101000298804,0.04096568299974024,0.043057977999524155,0.043057977999524155,0.023096903271111566,22.144532,22.890574
encrypted,rabbitmq-local,transfer-encrypted,1024,100,131072,1,2.033934201000193,2.033934201000193,2.033934201000193,2.033934201000193,0.04801347553523475,19.786257499999998,21.939031
encrypted,rabbitmq-local,transfer-encrypted,16777216,1,131072,3,0.06921513899942511,0.06445371600057115,0.06995372399978805,0.06995372399978805,231.16330085146393,43.641020000000005,43.643645
encrypted,rabbitmq-local,transfer-encrypted,268435456,1,131072,3,0.5595362889998796,0.5545242399994095,0.5818012779991477,0.5818012779991477,457.5217104462997,403.540152,430.977274
lan,lavinmq-local,transfer-baseline-final,268435456,1,131072,3,30.211687627000174,23.669922010999926,36.74564431299996,36.74564431299996,8.473541867658293,4028.86376,5315.219177999999
lan,lavinmq-local,transfer-current,268435456,1,131072,3,0.6798103559999618,0.652648766999846,0.7415485900000931,0.7415485900000931,376.5756107428502,578.837263,669.941423
lan,local-direct,tailcat-cp,1024,1,0,3,0.05022817700046289,0.04350441399947158,0.06751929200072482,0.06751929200072482,0.019442523267189257,,
lan,local-direct,tailcat-cp,1024,100,0,3,0.1475692739995793,0.1397145509999973,0.14977390299918625,0.14977390299918625,0.6617654702311431,,
lan,local-direct,tailcat-cp,1024,1000,0,3,1.1705914649992337,1.1178814920003788,1.2092592039998635,1.2092592039998635,0.8342470701344463,,
lan,local-direct,tailcat-cp,1048576,1,0,3,0.05765039899961266,0.056062771000142675,0.0584533579994968,0.0584533579994968,17.345933720367118,,
lan,local-direct,tailcat-cp,16777216,1,0,3,0.15144419800071773,0.13902175899966096,0.17896587300037936,0.17896587300037936,105.64947493019291,,
lan,local-direct,tailcat-cp,268435456,1,0,3,1.108602891999908,1.0938431559998207,1.191007503000037,1.191007503000037,230.92128105328922,,
lan,local-direct,tailcat-stream,1024,1,0,3,0.13929239600111032,0.13688147600078082,0.14600644900019688,0.14600644900019688,0.007010881627682071,,
lan,local-direct,tailcat-stream,1048576,1,0,3,0.12726641900007962,0.1271103339986439,0.1277237519989285,0.1277237519989285,7.857532315727171,,
lan,local-direct,tailcat-stream,16777216,1,0,3,0.23303171700172243,0.22683095699903788,0.23710405800011358,0.23710405800011358,68.66018156610733,,
lan,local-direct,tailcat-stream,268435456,1,0,3,0.9361919600014517,0.9298340749992349,1.1277122749997943,1.1277122749997943,273.4481932525922,,
lan,private-relay,tailcat-cp,1024,1,0,3,0.06382253500032675,0.06019844499951432,0.07247571799962316,0.07247571799962316,0.015301217665437456,,
lan,private-relay,tailcat-cp,1024,100,0,3,0.20365833699997893,0.19597640599931765,0.20450637999965693,0.20450637999965693,0.4795102004589682,,
lan,private-relay,tailcat-cp,1024,1000,0,3,1.5861424029999398,1.5756581759997061,1.5887080749998859,1.5887080749998859,0.6156840004737185,,
lan,private-relay,tailcat-cp,1048576,1,0,3,0.0730723440001384,0.07206238399976428,0.0757103490004738,0.0757103490004738,13.685068047059035,,
lan,private-relay,tailcat-cp,16777216,1,0,3,0.33243857599973126,0.31030849299986585,0.349034273000143,0.349034273000143,48.12919184208314,,
lan,private-relay,tailcat-cp,268435456,1,0,3,4.574085200000809,4.0227283439999155,4.680947940999431,4.680947940999431,55.967475201370256,,
lan,private-relay,tailcat-stream,1024,1,0,3,0.13680505500087747,0.13357500799975242,0.14101797900002566,0.14101797900002566,0.007138350991443527,,
lan,private-relay,tailcat-stream,1048576,1,0,3,0.12599741199846903,0.12575445400034369,0.1289164179997897,0.1289164179997897,7.936670953306174,,
lan,private-relay,tailcat-stream,16777216,1,0,3,0.325958986999467,0.3239362340009393,0.4305519899990031,0.4305519899990031,49.08592994254876,,
lan,private-relay,tailcat-stream,268435456,1,0,3,3.7340573920009774,3.7320468480011186,3.74122540299868,3.74122540299868,68.55813211344797,,
lan,rabbitmq-local,transfer-baseline-final,268435456,1,131072,3,1.0510621729999912,1.035895105000236,1.1481246759999522,1.1481246759999522,243.5631369639274,827.0754890000001,968.0684859999999
lan,rabbitmq-local,transfer-current,268435456,1,131072,3,0.40978513400023076,0.40003140799990433,0.44660694799995326,0.44660694799995326,624.7176355593608,267.46401,323.111065
lan-latency,local-direct,tailcat-cp,1024,1,0,30,0.04605510649980715,0.04237907799961249,0.07984777399997256,0.056792522000250756,0.021204217604058502,,
lan-latency,private-relay,tailcat-cp,1024,1,0,30,0.05112461599992457,0.04388566500074376,5.284178060000158,0.071008298000379,0.019101610464936122,,
latency,lavinmq-cloud,transfer-current,1024,1,131072,30,0.09930403600037607,0.09355042400056846,0.12130837899985636,0.11464049499954854,0.009834066562977377,98.587493,113.539535
latency,lavinmq-local,transfer-current,1024,1,131072,30,0.00412429699963468,0.0028913369997098926,0.04558631500003685,0.04387864599993918,0.23678277778891807,3.5284005,43.451811
latency,rabbitmq-cloud,transfer-current,1024,1,131072,30,0.054764851499840006,0.05231697199997143,0.08261802899960458,0.059533319000365736,0.017831920899171124,53.798788,58.846942999999996
latency,rabbitmq-local,transfer-current,1024,1,131072,30,0.002690129500024341,0.001735086000735464,0.005395090999627428,0.004655007000110345,0.3630169105209113,1.351252,2.536129
local,lavinmq-local,transfer-baseline-final,1024,1,131072,3,0.06411641300019255,0.05179968099992038,0.13774763600031292,0.13774763600031292,0.015231084433826128,12.220315000000001,36.937695
local,lavinmq-local,transfer-baseline-final,1024,100,131072,3,4.191827766000188,4.178264865000074,4.193547810999917,4.193547810999917,0.02329681834546912,1.390107,3.519131
local,lavinmq-local,transfer-baseline-final,1048576,1,131072,3,0.2568276950000836,0.1489065729997492,0.267362090000006,0.267362090000006,3.893661078878874,183.259222,185.399851
local,lavinmq-local,transfer-baseline-final,16777216,1,131072,3,2.2953055939997284,1.6013481979998687,2.6863299169999664,2.6863299169999664,6.970749359835304,558.701641,610.318488
local,lavinmq-local,transfer-current,1024,1,131072,3,0.005041342999902554,0.004211966999719152,0.006950721000066551,0.006950721000066551,0.19371078302326908,4.671717,6.574012
local,lavinmq-local,transfer-current,1024,100,131072,3,0.34511598600010984,0.328792329999942,0.4024571360000664,0.4024571360000664,0.282966463338412,2.1214625,4.891176
local,lavinmq-local,transfer-current,1048576,1,131072,3,0.043383665999954246,0.04317595700013044,0.04448446000014883,0.04448446000014883,23.050149796032787,43.082081,44.166708
local,lavinmq-local,transfer-current,16777216,1,131072,3,0.08206794700026876,0.0755595179998636,0.09879089600008228,0.09879089600008228,194.96040274953634,81.757113,87.423208
local,rabbitmq-local,transfer-baseline-final,1024,1,131072,3,0.06791112799965049,0.06471895599997879,0.06808817000001,0.06808817000001,0.014380007058710996,1.368919,1.478378
local,rabbitmq-local,transfer-baseline-final,1024,100,131072,3,4.278081387999919,4.274494111999957,4.295802383999671,4.295802383999671,0.022827113638821183,0.9143144999999999,1.12546
local,rabbitmq-local,transfer-baseline-final,1048576,1,131072,3,0.0692352139999457,0.06895592199998646,0.07106771799999478,0.07106771799999478,14.443517138558773,44.624584,47.448589
local,rabbitmq-local,transfer-baseline-final,16777216,1,131072,3,0.11806505699996706,0.11398059000021021,0.21255081900017103,0.21255081900017103,135.51850485283265,94.418803,114.621884
local,rabbitmq-local,transfer-current,1024,1,131072,3,0.002651423999850522,0.0021305889999894134,0.004203137999866158,0.004203137999866158,0.36831623310909734,1.3720869999999998,2.667883
local,rabbitmq-local,transfer-current,1024,100,131072,3,0.09146577499996056,0.07860986100013179,0.09721020899996802,0.09721020899996802,1.0676807800517965,0.890107,1.152129
local,rabbitmq-local,transfer-current,1048576,1,131072,3,0.004223846000058984,0.00378192800008037,0.008556526000120357,0.008556526000120357,236.7510557880272,2.0591720000000002,5.05539
local,rabbitmq-local,transfer-current,16777216,1,131072,3,0.03136301100039418,0.02991604799990455,0.03483347999963371,0.03483347999963371,510.1550995788927,19.942352,26.773829999999997
memory,lavinmq-local,transfer-baseline-memory,268435456,1,131072,1,43.548851382000066,43.548851382000066,43.548851382000066,43.548851382000066,5.878455846158363,3775.958086,3775.958086
memory,lavinmq-local,transfer-current-memory,268435456,1,131072,1,0.9775747419998879,0.9775747419998879,0.9775747419998879,0.9775747419998879,261.8725597147531,900.498143,900.498143
memory,rabbitmq-local,transfer-baseline-memory,268435456,1,131072,1,1.372510933999365,1.372510933999365,1.372510933999365,1.372510933999365,186.51946127237076,1156.1157959999998,1156.1157959999998
memory,rabbitmq-local,transfer-current-memory,268435456,1,131072,1,0.4218692610002108,0.4218692610002108,0.4218692610002108,0.4218692610002108,606.8230697658535,298.109712,298.109712
mqtt-keepalive,rabbitmq-cloud,mqtt-qos0-keepalive300,16777216,1,131072,1,731.7516723970002,731.7516723970002,731.7516723970002,731.7516723970002,0.02186534121280348,730990.9487999994,730990.9487999994
native-window,rabbitmq-local,native-stream-window,1024,1,131072,3,0.0012480030000006082,0.0011788769998020143,0.0013135019999026554,0.0013135019999026554,0.7825001221948378,0.44616700051847147,0.4481249998207204
native-window,rabbitmq-local,native-stream-window,1024,100,131072,3,0.03755273499973555,0.037109192000571056,0.040645032000611536,0.040645032000611536,2.60050965663853,0.32372949999626144,0.5567509997490561
native-window,rabbitmq-local,native-stream-window,1048576,1,131072,3,0.009766268000021228,0.006371095000758942,0.013700067000172567,0.013700067000172567,102.3932581000057,4.053839999869524,5.48605200037855
native-window,rabbitmq-local,native-stream-window,16777216,1,131072,3,0.07068883600004483,0.05997348399978364,0.08538653000050545,0.08538653000050545,226.34408635601034,32.69776799970714,40.19240600064222
native-window,rabbitmq-local,native-stream-window,268435456,1,131072,3,0.6637079519996405,0.6579423580005823,0.8202220680004757,0.8202220680004757,385.7118168144815,204.98191300066537,279.60283900029026
protocol,lavinmq-cloud,mqtt-qos0,1024,1,131072,3,0.05446076499993069,0.05135205099986706,0.05695222800022748,0.05695222800022748,0.017931487007228835,0.538292999863188,0.6086680000407796
protocol,lavinmq-cloud,mqtt-qos0,1024,100,131072,3,0.15377765299990642,0.1362359549998473,0.15453040400007012,0.15453040400007012,0.6350483837860331,0.1560625000820437,0.47133399993981584
protocol,lavinmq-cloud,mqtt-qos0,1048576,1,131072,3,0.36604303700005403,0.3184848669998246,0.5204725230000804,0.5204725230000804,2.7319191977960022,208.3922930000881,225.58349099972475
protocol,lavinmq-cloud,mqtt-qos0,16777216,1,131072,3,1.7273814959999072,1.0837146660001054,1.952312401999734,1.952312401999734,9.262574617738558,612.4472730002708,1594.184339000094
protocol,lavinmq-cloud,mqtt-qos1,1024,1,131072,3,0.0938473360001808,0.09241733299995758,0.09775896800010742,0.09775896800010742,0.010405862772685615,93.22420999978931,97.14621699959025
protocol,lavinmq-cloud,mqtt-qos1,1024,100,131072,3,9.288188032000107,9.252263717000005,9.296101963000183,9.296101963000183,0.010514025950330682,92.2438540001167,97.06663299994034
protocol,lavinmq-cloud,mqtt-qos1,1048576,1,131072,3,0.33823957000004157,0.2951749500002734,0.4923728889998529,0.4923728889998529,2.9564843640259983,302.3927549998007,491.7717640000774
protocol,lavinmq-cloud,mqtt-qos1,16777216,1,131072,3,1.2697577939998155,0.9693422509999436,1.331902364999678,1.331902364999678,12.600828343489834,720.2939680000782,876.2695000000349
protocol,lavinmq-cloud,transfer-stream,1024,1,131072,3,0.10119272399970214,0.10118068300016603,0.10293922699975155,0.10293922699975155,0.009650520920880383,100.21876400000001,101.848768
protocol,lavinmq-cloud,transfer-stream,1024,100,131072,3,10.239770168000177,10.199231803000202,10.361084304000087,10.361084304000087,0.009536957216596613,101.6975795,110.161282
protocol,lavinmq-cloud,transfer-stream,1048576,1,131072,3,0.3329160180001054,0.3278230089999852,0.3503657999999632,0.3503657999999632,3.0037605459995724,332.268892,349.466673
protocol,lavinmq-cloud,transfer-stream,16777216,1,131072,3,1.4627236429996628,1.181617302000177,1.5063952220002648,1.5063952220002648,10.93849824372032,946.5483350000001,1505.884263
protocol,lavinmq-local,mqtt-qos0,1024,1,131072,3,0.002489045999936934,0.0013603359998342057,0.0029973390001032385,0.0029973390001032385,0.3923440948960941,0.43216699987169704,0.6439590001718898
protocol,lavinmq-local,mqtt-qos0,1024,100,131072,3,0.014106693000030646,0.011442812999575835,0.01565486299978147,0.01565486299978147,6.92268910933185,0.09497949986325693,0.19254200014984235
protocol,lavinmq-local,mqtt-qos0,1048576,1,131072,3,0.005324509999809379,0.0047079250002752815,0.005661093999606237,0.005661093999606237,187.81070934899185,1.4661700001852296,1.9014620002053562
protocol,lavinmq-local,mqtt-qos0,16777216,1,131072,3,0.05375780799977292,0.0379123630000322,0.05433126799971433,0.05433126799971433,297.63118317747603,24.1508789999898,34.08777200002078
protocol,lavinmq-local,mqtt-qos1,1024,1,131072,3,0.0028168389999336796,0.0013550439998653019,0.04099799300001905,0.04099799300001905,0.34668736836680847,0.8930429999054468,40.68607599992902
protocol,lavinmq-local,mqtt-qos1,1024,100,131072,3,4.070952256000055,3.8076270120000117,4.095831149999867,4.095831149999867,0.023988552028844694,42.19336899996051,44.131746999937604
protocol,lavinmq-local,mqtt-qos1,1048576,1,131072,3,0.04376253899999938,0.04322274700007256,0.04406958199979272,0.04406958199979272,22.85059374640064,43.456080999931146,43.75133099983941
protocol,lavinmq-local,mqtt-qos1,16777216,1,131072,3,0.05935365300001649,0.05660377200001676,0.06267399199987267,0.06267399199987267,269.57060250353175,59.01640199999747,62.31394900032683
protocol,lavinmq-local,transfer-stream,1024,1,131072,3,0.0035817980001411343,0.0033128810000562225,0.012671314999806782,0.012671314999806782,0.2726458890092407,3.165673,12.226397
protocol,lavinmq-local,transfer-stream,1024,100,131072,3,0.30407192399979976,0.2891505649999999,0.35859860700020363,0.35859860700020363,0.32116168015585783,1.601836,3.84484
protocol,lavinmq-local,transfer-stream,1048576,1,131072,3,0.04463083099972209,0.04326845300010973,0.0507994670001608,0.0507994670001608,22.406035863554205,44.218789,50.166715
protocol,lavinmq-local,transfer-stream,16777216,1,131072,3,0.07964876899995943,0.07350696599996809,0.0864457399998173,0.0864457399998173,200.881949600604,78.03347400000001,79.30560200000001
protocol,rabbitmq-cloud,mqtt-qos0,1024,1,131072,3,0.14072929599979034,0.13969279399998413,0.14339467599984346,0.14339467599984346,0.006939297841733358,0.36470900022322894,0.4542510000646871
protocol,rabbitmq-cloud,mqtt-qos0,1024,100,131072,3,5.5654722230001425,5.53343557900007,5.596193321000101,5.596193321000101,0.017546803952487807,0.35306299969306565,276.2455530000807
protocol,rabbitmq-cloud,mqtt-qos0,1048576,1,131072,3,45.597070676999465,45.376651194999795,45.66949914099996,45.66949914099996,0.021931233413738354,44967.74712200022,45037.47924800018
protocol,rabbitmq-cloud,mqtt-qos1,1024,1,131072,3,0.1051036529997873,0.10300202399957925,0.11119503999998415,0.11119503999998415,0.00929142301078704,104.29681799996615,110.86387199975434
protocol,rabbitmq-cloud,mqtt-qos1,1024,100,131072,3,10.670954217999679,10.646924714999841,10.708327913000176,10.708327913000176,0.009151594881296955,106.25273900041066,113.48558500048966
protocol,rabbitmq-cloud,mqtt-qos1,1048576,1,131072,3,45.984117318000244,45.62766890800049,46.679867148000085,46.679867148000085,0.021746639020698462,45902.998001000014,46604.225091000444
protocol,rabbitmq-cloud,transfer-stream,1024,1,131072,3,0.05354309899939835,0.05284801400011929,0.19129068799975357,0.19129068799975357,0.018238811690951495,52.633764,126.15065
protocol,rabbitmq-cloud,transfer-stream,1024,100,131072,3,5.269120716000543,5.202085966000595,5.312402879000729,5.312402879000729,0.01853369001462633,52.245784,55.669895
protocol,rabbitmq-cloud,transfer-stream,1048576,1,131072,3,1.880212064999796,1.8783023949999915,1.8872585780000009,1.8872585780000009,0.531854900101446,1850.40301,1856.7481460000001
protocol,rabbitmq-cloud,transfer-stream,16777216,1,131072,3,29.1152716229999,28.999532241999987,34.79270155300037,34.79270155300037,0.5495397812933553,29068.011285,34747.012135
protocol,rabbitmq-local,mqtt-qos0,1024,1,131072,3,0.002066754000225046,0.0014488770002571982,0.0022267119998105045,0.0022267119998105045,0.4725102745143657,0.3828760000033071,0.5729180002163048
protocol,rabbitmq-local,mqtt-qos0,1024,100,131072,3,0.014554401000168582,0.014521192999836785,0.015146193999953539,0.015146193999953539,6.709740235882525,0.08470850002595398,0.22399999988920172
protocol,rabbitmq-local,mqtt-qos0,1048576,1,131072,3,0.0033849229998850205,0.003063589000248612,0.004851050000070245,0.004851050000070245,295.42769511565496,1.1763769998651696,1.4985860002525442
protocol,rabbitmq-local,mqtt-qos0,16777216,1,131072,3,0.027649259000099846,0.023555916999612236,0.028744634999839036,0.028744634999839036,578.6773526170167,10.856393999802094,16.54086400003507
protocol,rabbitmq-local,mqtt-qos1,1024,1,131072,3,0.0023662960002184263,0.002095921000091039,0.0032106730000123207,0.0032106730000123207,0.41269667865299026,1.6579610000917455,2.07454500014137
protocol,rabbitmq-local,mqtt-qos1,1024,100,131072,3,0.08181910599978437,0.07757780699967043,0.09013445499977024,0.09013445499977024,1.1935629069359102,0.7386674999452225,1.1868349997712357
protocol,rabbitmq-local,mqtt-qos1,1048576,1,131072,3,0.004236840999965352,0.0037996739997652185,0.00513200900013544,0.00513200900013544,236.02490629414172,3.0402560000766243,3.421923000132665
protocol,rabbitmq-local,mqtt-qos1,16777216,1,131072,3,0.029447720000007394,0.028989886000090337,0.049460796999937884,0.049460796999937884,543.3357828720181,19.541867999578244,33.04189300024518
protocol,rabbitmq-local,native-stream,1024,1,131072,3,0.001501252999787539,0.0013315850001163199,0.0021579199997177057,0.0021579199997177057,0.6504982838590201,0.49383499981559,0.6347929997900792
protocol,rabbitmq-local,native-stream,1024,100,131072,3,0.04018348900035562,0.03623727400008647,0.04227128399998037,0.04227128399998037,2.430258109223312,0.36045899992132036,0.5598759998974856
protocol,rabbitmq-local,native-stream,1048576,1,131072,3,0.007906389000254421,0.007425637999858736,0.008764015999986441,0.008764015999986441,126.4799897864652,2.987296999890532,5.2251349998186924
protocol,rabbitmq-local,native-stream,16777216,1,131072,3,0.057060185999944224,0.05350988800000778,0.05787102100021002,0.05787102100021002,280.40567550928836,31.11605599997347,33.050392999939504
protocol,rabbitmq-local,transfer-stream,1024,1,131072,3,0.003324713999973028,0.003324256000269088,0.0034791309999491205,0.0034791309999491205,0.29372827256958717,1.832545,2.095295
protocol,rabbitmq-local,transfer-stream,1024,100,131072,3,0.06521899300014411,0.061295234999761306,0.06659145399999034,0.06659145399999034,1.4973590591897703,0.6027095,0.774501
protocol,rabbitmq-local,transfer-stream,1048576,1,131072,3,0.0056911769997896045,0.005449884999961796,0.0058975110000574205,0.0058975110000574205,175.71057797657124,1.912045,2.227837
protocol,rabbitmq-local,transfer-stream,16777216,1,131072,3,0.03399143599972376,0.03354147700019894,0.03411327000003439,0.03411327000003439,470.7067980337761,15.376569,19.615369
protocol-large,lavinmq-local,mqtt-qos0,268435456,1,131072,3,0.5073490750000929,0.49134338299882074,0.6805786069999158,0.6805786069999158,504.5835552177821,381.7526620005083,555.5113199989137
protocol-large,lavinmq-local,mqtt-qos1,268435456,1,131072,3,0.4745399389994418,0.45936953899945365,0.49996460500005924,0.49996460500005924,539.4698716819727,387.17975500003377,430.7770760005951
protocol-large,lavinmq-local,transfer-stream,268435456,1,131072,3,0.7600671540003532,0.6403962920012418,0.9108800660014822,0.9108800660014822,336.81234434698524,695.867716,845.175917
protocol-large,rabbitmq-local,mqtt-qos1,268435456,1,131072,3,0.38261678899834806,0.36201117299970065,0.43175332699865976,0.43175332699865976,669.0767560675579,260.65879900124855,320.2567710013682
protocol-large,rabbitmq-local,native-stream,268435456,1,131072,3,0.6624524529997871,0.655425691000346,0.6752561820012488,0.6752561820012488,386.44282897701385,361.67862999900535,382.08091300111846
protocol-large,rabbitmq-local,transfer-stream,268435456,1,131072,3,0.4492005230003997,0.356744496999454,0.45301411299988104,0.45301411299988104,569.9013845533127,285.106338,315.625555
