broker,binary,size,count,dataset,trials,median_seconds,min_seconds,max_seconds,median_mib_per_second
public-relay,tailcat-cp,1024,1,public-results.jsonl,3,0.9524528840011044,0.9500691899993399,5.643174889002694,0.0010253131849395163
public-relay,tailcat-stream,1024,1,public-results.jsonl,3,0.5638106870028423,0.46109918700312846,2.0749657890009985,0.001732075185008114
public-relay,tailcat-cp,1048576,1,public-results.jsonl,3,2.66167919900181,2.508105709999654,2.8586952980003844,0.3757026768571594
public-relay,tailcat-stream,1048576,1,public-results.jsonl,3,1.7295218380022561,1.1523015780003334,2.8582451729998866,0.5781944916955107
public-relay,tailcat-cp,16777216,1,public-results.jsonl,3,11.05492882800172,9.866494278001483,14.628335037999932,1.4473182278182197
public-relay,tailcat-stream,16777216,1,public-results.jsonl,3,10.178939384997648,6.551069172997813,12.493887323002127,1.5718730011873134
public-relay,tailcat-tar-cp,1024,1000,public-results.jsonl,3,3.0536137990020507,2.7652329800002917,3.793585653002083,0.3198055039963304
public-relay,tailcat-cp,1024,100,public-results.jsonl,1,26.30110223199881,26.30110223199881,26.30110223199881,0.0037130097871407117
lavinmq-ams,mqhole-encrypted-cli,1024,1,public-results.jsonl,3,0.6453922849977971,0.6340498360004858,0.6837075490002462,0.001513130111252156
lavinmq-ams,mqhole-encrypted-cli,1048576,1,public-results.jsonl,3,0.8394780570015428,0.8384058110023034,1.0376560379991133,1.1912163655257546
lavinmq-ams,mqhole-encrypted-cli,16777216,1,public-results.jsonl,3,1.7422656909984653,1.636963641998591,2.8690872819970537,9.183444340702508
lavinmq-ams,mqhole-tar-cli,1024,1000,public-results.jsonl,3,1.1418921139993472,0.9677210560003005,1.160015569999814,0.8552143306951311
lavinmq-ams,transfer-current,1024,1,public-results.jsonl,3,0.0967458320010337,0.09579219700026442,0.09808981199967093,0.010094104105586333
lavinmq-ams,transfer-current,16777216,1,public-results.jsonl,3,1.9190947280003456,1.3134274980002374,3.7770335909990536,8.337264318719507
rabbitmq-ams,mqhole-encrypted-cli,1024,1,public-results.jsonl,3,0.6328506999998353,0.5387543160031782,0.6599276479973923,0.0015431167256356895
rabbitmq-ams,mqhole-encrypted-cli,1048576,1,public-results.jsonl,3,2.3567741040023975,2.3445852830009244,2.456638526997267,0.4243088034197879
rabbitmq-ams,mqhole-encrypted-cli,16777216,1,public-results.jsonl,3,29.163913479998882,28.780175848998624,29.656390132000524,0.5486232158442342
rabbitmq-ams,mqhole-tar-cli,1024,1000,public-results.jsonl,3,3.363004250000813,3.356868102997396,3.46974411300107,0.2903839624941788
rabbitmq-ams,transfer-current,1024,1,public-results.jsonl,3,0.05478104000212625,0.05316668399973423,0.05593515500004287,0.0178266513370702
rabbitmq-ams,transfer-current,16777216,1,public-results.jsonl,3,28.630339385003026,28.21695555399856,28.967899800998566,0.5588477239072138
lavinmq-stockholm,mqhole-encrypted-cli,1024,1,public-results.jsonl,3,0.4341025539979455,0.4307663590006996,0.45062306499676197,0.002249612426847463
lavinmq-stockholm,mqhole-encrypted-cli,1048576,1,public-results.jsonl,3,0.4315382349996071,0.4292142610029259,0.5426371900030063,2.3172917690616925
lavinmq-stockholm,mqhole-encrypted-cli,16777216,1,public-results.jsonl,3,1.0301248149989988,0.8327329310013738,1.032157493998966,15.532098408886064
lavinmq-stockholm,mqhole-tar-cli,1024,1000,public-results.jsonl,3,0.5927130620002572,0.530028280998522,0.624594625998725,1.647614271742802
lavinmq-stockholm,transfer-current,1024,1,public-results.jsonl,3,0.06560931499916478,0.06278114400265622,0.06612121199941612,0.01488450992077012
lavinmq-stockholm,transfer-current,16777216,1,public-results.jsonl,3,0.7072286820002773,0.46002125199811417,3.6133276340005978,22.623516844292418
rabbitmq-stockholm,mqhole-encrypted-cli,1024,1,public-results.jsonl,3,0.32556997000210686,0.3254406959968037,0.47106581600019126,0.0029995472248060236
rabbitmq-stockholm,mqhole-encrypted-cli,1048576,1,public-results.jsonl,3,1.1397265430023253,1.1391196270014916,1.1594206169975223,0.8774034492219067
rabbitmq-stockholm,mqhole-encrypted-cli,16777216,1,public-results.jsonl,3,12.547289193000324,12.476676110996777,12.699594481000531,1.2751758370984083
rabbitmq-stockholm,mqhole-tar-cli,1024,1000,public-results.jsonl,3,1.6038672370013956,1.5475164060007955,1.6244873100004042,0.6088798857352994
rabbitmq-stockholm,transfer-current,1024,1,public-results.jsonl,3,0.02392657300151768,0.023321966000366956,0.024392430001171306,0.04081497588217318
rabbitmq-stockholm,transfer-current,16777216,1,public-results.jsonl,3,12.188469345001067,12.124644457999239,12.380080214999907,1.3127161046323
lavinmq-virginia,mqhole-encrypted-cli,1024,1,public-results.jsonl,3,4.699284158999944,2.057580668999435,5.813550254999427,0.00020781090629084717
lavinmq-virginia,mqhole-encrypted-cli,1048576,1,public-results.jsonl,3,3.2715036179979506,2.971575158997439,55.707306506999885,0.30566984382917056
lavinmq-virginia,mqhole-encrypted-cli,16777216,1,public-results.jsonl,3,7.855544234000263,4.994835106997925,25.3846081720003,2.0367780415199004
lavinmq-virginia,mqhole-tar-cli,1024,1000,public-results.jsonl,3,3.259903120000672,3.1410901109993574,3.458924530998047,0.29956795157759125
lavinmq-virginia,transfer-current,1024,1,public-results.jsonl,3,0.268107809999492,0.25982214199757436,0.26940161699894816,0.0036424246649206164
lavinmq-virginia,transfer-current,16777216,1,public-results.jsonl,3,4.2932329190007295,3.0439214120015095,10.110251719001099,3.7267952384293364
rabbitmq-virginia,mqhole-encrypted-cli,1024,1,public-results.jsonl,3,1.7915654729986272,1.7520298210001783,1.8746567919988593,0.0005450889262592684
rabbitmq-virginia,mqhole-encrypted-cli,1048576,1,public-results.jsonl,3,3.6631474339992565,3.5620114779994765,3.785977420000563,0.2729892853120154
rabbitmq-virginia,mqhole-encrypted-cli,16777216,1,public-results.jsonl,3,26.989322560999426,26.718157325998618,29.716241386999172,0.5928270323880079
rabbitmq-virginia,mqhole-tar-cli,1024,1000,public-results.jsonl,3,4.537086831001943,4.488401733000501,4.79030978299852,0.21523998468073
rabbitmq-virginia,transfer-current,1024,1,public-results.jsonl,3,0.2294686549976177,0.2211369390024629,0.23671056700186455,0.004255755541035173
rabbitmq-virginia,transfer-current,16777216,1,public-results.jsonl,3,23.996225642000354,23.97271743300007,26.169868057000713,0.6667715264351973
public-relay,tailcat-cp,67108864,1,large-results.jsonl,1,28.24839175300076,28.24839175300076,28.24839175300076,2.265615705120679
public-relay,tailcat-stream,67108864,1,large-results.jsonl,1,25.19994764399962,25.19994764399962,25.19994764399962,2.5396878161863596
lavinmq-ams,mqhole-encrypted-cli,67108864,1,large-results.jsonl,1,5.495901360998687,5.495901360998687,5.495901360998687,11.645041603943607
rabbitmq-ams,mqhole-encrypted-cli,67108864,1,large-results.jsonl,1,107.8636312569979,107.8636312569979,107.8636312569979,0.5933417895742116
lavinmq-stockholm,mqhole-encrypted-cli,67108864,1,large-results.jsonl,1,1.8407130669984326,1.8407130669984326,1.8407130669984326,34.76913439005564
rabbitmq-stockholm,mqhole-encrypted-cli,67108864,1,large-results.jsonl,1,50.31625232499937,50.31625232499937,50.31625232499937,1.2719548265760232
lavinmq-virginia,mqhole-encrypted-cli,67108864,1,large-results.jsonl,1,10.785281774002215,10.785281774002215,10.785281774002215,5.93401279086386
rabbitmq-virginia,mqhole-encrypted-cli,67108864,1,large-results.jsonl,1,102.98078423699917,102.98078423699917,102.98078423699917,0.6214751662087842
rabbitmq-ams-nodelay,transfer-current,16777216,1,socket-results.jsonl,2,27.383689926999068,25.821380872999725,28.94599898099841,0.5861974771250763
rabbitmq-ams-frame1m,transfer-current,16777216,1,socket-results.jsonl,2,27.728666684999553,26.767521221001516,28.68981214899759,0.5777142893933503
rabbitmq-ams-buffer64k,transfer-current,16777216,1,socket-results.jsonl,2,29.026013527998657,29.00146981799844,29.050557237998873,0.5512300690056442
lavinmq-ams-nodelay,transfer-current,16777216,1,socket-results.jsonl,2,1.0695416934995592,0.8085443119998672,1.3305390749992512,15.906925322292498
rabbitmq-ams,transfer-websocket,1024,1,websocket-results.jsonl,3,0.053789631001563976,0.053383630998723675,0.09445983499972499,0.018155218428094547
rabbitmq-ams,transfer-websocket,16777216,1,websocket-results.jsonl,3,9.189050687000417,9.009105133998673,9.294812619002187,1.741202714512709
lavinmq-ams,transfer-websocket,1024,1,websocket-results.jsonl,3,0.09675613399667782,0.09317671600001631,0.10113801199986483,0.010093029347715885
lavinmq-ams,transfer-websocket,16777216,1,websocket-results.jsonl,3,1.1866529599974456,0.8220195169997169,1.253804202999163,13.483301807155517
rabbitmq-stockholm,transfer-websocket,1024,1,websocket-results.jsonl,3,0.06377645000247867,0.02333672099848627,0.06437211799857323,0.015312274357729945
rabbitmq-stockholm,transfer-websocket,16777216,1,websocket-results.jsonl,3,9.406459177000215,9.126382487000228,9.657162684001378,1.7009588516709546
